raceId,temperature,precipitation,windspeed
833,15.8,0.0,18.8
834,23.1,0.0,17.3
835,19.5,0.2,12.5
836,22.8,0.0,6.1
837,17.5,0.0,15.9
838,25.6,0.0,10.0
839,22.9,0.0,5.5
825,12.1,2.4,4.3
826,19.2,0.0,2.6
827,21.0,0.1,2.3
828,19.4,0.0,13.8
829,17.0,0.0,4.0
830,22.3,0.0,7.3
831,25.9,0.0,3.2
832,18.5,0.0,13.9
817,16.9,0.0,9.7
818,15.2,0.0,11.7
819,17.2,0.9,26.1
820,25.5,0.4,11.9
821,19.6,0.1,19.6
822,19.5,0.0,21.3
823,17.3,0.0,22.6
824,19.9,0.1,3.4
808,24.9,0.0,16.4
809,25.5,0.0,16.9
810,14.2,0.0,23.2
811,23.5,0.0,6.0
812,22.4,0.0,12.7
813,17.8,0.0,17.4
814,15.5,0.1,8.8
815,17.1,0.0,4.7
816,24.5,0.0,7.2
799,24.1,0.0,15.0
800,22.5,0.0,15.9
801,24.5,0.1,8.4
802,18.2,0.0,24.6
803,14.8,0.1,27.3
804,14.6,0.0,10.5
805,12.0,0.1,12.7
806,24.0,0.1,6.0
807,22.1,0.0,19.8
792,29.8,0.0,7.5
793,19.2,0.0,11.5
794,12.0,0.0,22.1
795,17.0,0.0,7.4
796,20.3,0.0,16.3
797,19.8,0.0,9.0
798,20.7,0.0,10.5
784,30.9,0.0,6.6
785,19.8,0.0,6.7
786,24.6,0.0,19.9
787,13.8,0.0,16.3
788,20.9,0.0,18.6
789,15.8,0.0,10.7
790,13.4,0.5,10.0
791,23.6,0.0,8.3
776,25.8,0.0,18.4
777,19.6,0.0,15.8
778,20.7,0.0,7.1
779,24.2,0.0,8.6
780,16.1,0.3,7.6
781,19.2,0.0,10.8
782,26.3,0.0,19.5
783,24.6,0.0,5.0
765,19.7,0.0,8.0
766,21.2,0.0,7.6
767,13.9,0.1,30.5
768,19.6,0.0,9.7
769,19.9,0.0,12.6
770,21.4,0.0,9.3
771,22.3,0.0,14.5
772,14.6,0.0,11.4
773,20.4,0.0,12.2
774,24.8,0.0,2.1
775,25.1,0.0,14.4
756,20.4,0.0,11.0
757,23.2,0.0,5.4
758,15.3,0.0,15.9
759,29.1,0.0,8.6
760,18.5,0.0,20.6
761,20.5,0.2,11.6
762,30.5,0.0,10.1
763,23.1,0.0,4.4
764,18.9,0.0,10.7
746,28.3,0.0,22.4
747,19.6,0.2,8.5
748,18.0,0.0,21.0
749,18.7,0.4,13.0
750,20.0,0.1,14.8
751,17.1,0.1,13.3
752,18.5,0.0,14.8
753,22.2,0.0,15.0
754,22.0,0.0,3.6
755,3.8,0.0,9.8
738,18.9,0.0,9.3
739,13.2,0.0,18.4
740,19.4,0.0,19.5
741,31.8,0.0,3.8
742,14.8,0.7,32.4
743,20.9,0.0,15.7
744,22.4,0.0,3.2
745,15.8,0.0,2.9
729,10.7,0.0,26.7
730,17.5,0.2,9.8
731,19.4,0.1,9.1
732,23.2,0.0,12.8
733,16.7,0.0,28.4
734,14.5,1.3,7.3
735,22.7,0.0,1.3
736,9.9,0.0,15.8
737,22.7,0.0,43.0
719,20.8,0.0,4.7
720,21.6,0.6,10.2
721,14.6,0.0,26.1
722,20.6,0.0,14.4
723,19.0,0.0,6.0
724,17.0,0.1,22.0
725,21.2,0.0,6.6
726,14.4,0.0,8.5
727,18.2,0.1,7.4
728,28.4,0.0,17.2
709,20.9,0.0,11.0
710,21.2,0.0,18.4
711,17.3,0.0,17.1
712,19.7,0.0,15.6
713,18.4,0.4,25.3
714,13.8,0.1,26.6
715,17.4,0.0,11.5
716,20.7,0.1,6.8
717,14.1,0.0,13.3
718,20.4,0.0,10.0
699,24.9,0.0,25.0
700,17.2,0.0,10.1
701,16.7,0.2,10.6
702,20.2,0.2,2.6
703,17.7,0.1,19.8
704,18.9,0.0,11.8
705,14.7,0.0,12.3
706,16.0,0.1,4.2
707,11.7,0.1,16.0
708,16.8,0.0,14.7
690,20.6,0.0,8.3
691,17.8,0.6,9.0
692,26.7,0.0,7.3
693,15.9,1.0,15.5
694,19.6,0.0,27.0
695,14.1,0.5,19.4
696,23.4,0.1,5.9
697,6.4,0.0,10.2
698,20.5,0.0,7.3
679,22.9,0.3,10.5
680,16.3,0.0,8.0
681,15.7,0.0,24.1
682,15.6,0.0,13.6
683,24.9,0.0,7.4
684,18.1,0.0,15.9
685,16.8,0.0,10.1
686,19.9,0.3,9.3
687,20.2,0.0,8.0
688,7.2,0.0,15.3
689,19.2,0.0,11.6
667,26.0,0.0,9.8
668,17.5,0.0,10.1
669,20.0,0.0,9.0
670,12.7,0.0,16.9
671,14.4,0.6,16.3
672,21.1,0.9,8.7
673,19.0,0.0,15.0
674,14.3,2.2,11.3
675,23.5,0.0,3.3
676,16.8,0.0,8.6
677,7.0,0.0,13.9
678,22.0,0.0,14.4
656,22.7,1.2,13.8
657,16.6,0.1,12.9
658,19.1,0.1,11.6
659,16.1,0.0,8.6
660,22.4,0.2,13.6
661,20.0,0.0,27.8
662,19.8,0.0,9.4
663,20.5,0.0,4.7
664,12.2,0.0,13.4
665,9.3,0.0,10.3
666,22.6,0.0,6.0
643,22.0,0.1,13.2
644,17.0,0.0,20.2
645,13.7,0.7,5.9
646,20.5,0.0,12.3
647,19.8,0.0,13.7
648,18.8,0.0,12.2
649,20.5,0.0,11.4
650,24.6,0.0,5.2
651,22.3,0.1,5.4
652,28.5,0.0,11.6
653,14.1,0.0,14.5
654,7.4,0.0,15.9
655,23.4,0.0,8.7
632,26.8,0.0,15.9
633,16.4,0.0,12.3
634,16.9,1.7,7.6
635,13.9,0.6,28.5
636,23.1,0.0,10.7
637,15.9,0.0,11.5
638,21.1,0.0,9.6
639,28.3,0.0,7.7
640,24.2,0.0,2.2
641,15.3,0.0,19.1
642,15.6,0.0,7.6
620,27.0,0.0,7.7
621,21.3,0.2,8.7
622,10.1,0.1,12.7
623,14.4,0.0,3.2
624,19.4,0.0,14.1
625,12.8,0.0,12.3
626,18.1,0.0,17.3
627,16.0,0.0,7.0
628,28.0,0.0,6.0
629,20.4,0.2,15.5
630,14.4,0.0,7.6
631,10.5,0.0,17.7
605,25.7,0.0,20.9
606,30.3,0.0,26.0
607,25.2,0.1,9.2
608,16.1,0.0,13.6
609,20.2,0.0,11.1
610,20.1,0.0,9.0
611,19.9,0.0,7.1
612,26.8,0.0,8.4
613,19.2,0.1,10.8
614,16.1,0.0,22.0
615,18.0,0.0,27.2
616,26.2,0.0,6.2
617,26.4,0.0,4.3
618,14.6,0.6,7.4
619,11.0,0.0,5.6
590,26.1,0.3,19.7
591,27.4,0.1,22.4
592,21.2,0.0,10.7
593,10.6,0.3,4.5
594,17.4,0.0,17.7
595,19.2,0.0,8.3
596,14.7,0.0,9.8
597,19.2,0.0,20.1
598,17.5,0.0,11.2
599,20.2,0.1,19.1
600,20.4,0.2,17.2
601,28.3,0.0,8.9
602,22.2,0.0,3.3
603,7.1,0.0,16.5
604,14.4,0.0,7.6
576,22.7,0.1,10.2
577,28.4,0.1,8.4
578,22.6,5.0,11.5
579,18.4,0.0,21.3
580,12.9,0.8,17.7
581,16.4,0.2,15.6
582,22.1,0.0,6.4
583,17.1,1.0,28.9
584,24.5,0.0,12.9
585,17.5,0.4,14.7
586,24.5,0.0,9.8
587,23.2,0.1,5.8
588,19.8,0.1,5.0
589,12.6,0.0,9.7
560,27.5,0.8,25.5
561,23.5,0.2,10.2
562,9.3,0.0,6.8
563,19.1,0.0,3.3
564,17.7,0.0,13.0
565,20.3,0.1,8.3
566,16.2,0.1,16.8
567,24.8,0.0,6.3
568,23.3,0.0,9.2
569,13.2,0.1,15.3
570,19.3,0.2,6.6
571,21.9,0.1,12.6
572,15.0,0.0,6.5
573,14.1,0.0,12.2
574,5.0,0.1,24.0
575,17.5,0.7,12.3
543,29.7,0.1,19.6
544,24.7,0.4,7.9
545,17.9,0.0,18.0
546,9.7,0.0,1.8
547,21.4,0.0,2.9
548,19.6,0.1,4.9
549,13.7,0.2,22.3
550,23.0,0.0,10.6
551,25.9,0.0,7.9
552,17.0,0.3,14.8
553,21.3,0.0,25.9
554,16.4,0.1,1.8
555,15.7,0.0,20.0
556,21.8,0.0,4.3
557,9.6,0.0,8.3
558,11.9,0.6,11.9
559,18.3,0.0,8.0
527,26.6,0.0,21.5
528,32.1,0.0,8.9
529,21.8,0.5,5.0
530,11.9,0.0,7.1
531,13.0,0.2,5.7
532,13.6,0.0,5.2
533,24.0,0.0,12.9
534,15.2,0.0,14.5
535,22.0,0.0,3.1
536,17.6,0.0,9.0
537,29.3,0.0,8.7
538,17.6,0.3,4.3
539,14.3,0.0,33.5
540,26.0,0.0,5.6
541,11.7,1.4,13.0
542,6.4,0.0,21.7
512,25.7,0.0,20.5
513,22.4,0.3,14.0
514,24.1,0.7,9.7
515,11.7,0.0,5.9
516,14.5,0.0,20.2
517,18.8,0.0,6.2
518,19.6,0.0,9.2
519,14.5,0.0,14.4
520,17.6,0.0,11.8
521,27.0,0.0,10.0
522,16.1,0.0,7.6
523,15.9,0.2,24.9
524,23.6,0.0,5.6
525,22.0,0.0,16.2
526,9.1,0.0,18.4
498,25.9,0.0,15.8
499,23.6,0.6,9.3
500,23.8,0.0,2.5
501,9.4,0.0,1.3
502,12.7,0.0,21.3
503,14.8,0.3,7.4
504,20.7,0.0,25.8
505,17.2,0.1,9.4
506,21.3,0.1,5.2
507,20.5,0.1,10.0
508,16.0,0.0,37.7
509,24.0,0.2,4.8
510,10.8,0.0,23.4
511,6.5,0.0,4.0
483,9.7,0.0,2.4
484,24.3,1.4,13.3
485,19.6,0.0,8.6
486,13.5,0.3,16.4
487,15.8,0.1,16.1
488,22.4,0.0,12.3
489,30.7,0.0,3.3
490,19.7,0.0,5.9
491,15.6,0.2,19.1
492,27.7,0.0,8.3
493,25.9,0.0,6.4
494,17.6,0.0,8.9
495,21.4,0.2,7.4
496,20.6,0.0,14.8
497,7.3,0.0,5.4
467,23.2,0.0,10.6
468,26.3,0.0,7.2
469,12.2,0.0,16.3
470,13.8,0.0,25.2
471,13.9,0.0,11.4
472,20.8,0.0,16.0
473,17.5,0.0,22.8
474,16.9,0.0,23.1
475,15.0,0.0,16.9
476,21.5,0.0,13.1
477,25.9,0.0,21.1
478,22.2,0.0,4.6
479,25.5,0.0,9.6
480,20.1,0.0,7.1
481,25.3,0.0,4.7
482,23.0,0.0,4.8
452,29.3,0.0,9.1
453,9.8,0.0,7.1
454,15.5,0.0,21.9
455,21.0,0.0,21.7
456,20.2,0.0,14.4
457,12.4,0.0,11.8
458,17.4,0.0,12.3
459,26.5,0.0,19.6
460,27.4,0.0,4.3
461,20.1,0.2,7.9
462,18.0,0.0,3.7
463,17.5,0.0,23.7
464,21.4,0.2,6.1
465,16.6,0.0,2.5
466,25.0,0.0,13.7
436,26.6,0.0,9.5
437,24.1,0.0,8.2
438,13.6,0.0,21.2
439,21.9,0.0,4.8
440,15.3,0.1,10.1
441,16.7,3.6,10.1
442,24.5,0.0,12.0
443,20.9,0.0,27.2
444,29.2,0.0,14.8
445,20.9,0.0,9.6
446,20.6,0.0,13.5
447,18.8,0.0,8.9
448,17.7,0.0,12.7
449,20.1,0.0,3.9
450,9.9,0.0,16.7
451,17.4,0.0,20.0
420,28.9,0.0,5.4
421,14.6,0.0,26.3
422,13.9,0.1,7.4
423,19.1,0.0,9.7
424,21.5,0.0,12.2
425,21.5,0.0,22.1
426,26.8,0.0,10.1
427,15.8,0.0,21.0
428,13.6,0.0,21.3
429,19.0,0.0,7.1
430,15.9,0.0,29.3
431,23.0,0.0,2.0
432,12.7,0.4,18.2
433,17.0,0.0,33.3
434,25.6,0.0,10.7
435,18.8,0.0,13.8
404,27.1,0.0,7.8
405,16.9,0.0,10.3
406,15.9,0.4,16.9
407,19.4,0.0,9.2
408,16.7,0.0,13.8
409,23.3,0.0,18.4
410,25.1,0.0,20.1
411,22.7,0.9,15.8
412,19.0,0.0,7.2
413,23.8,0.0,7.2
414,27.5,0.0,3.0
415,27.0,0.4,7.8
416,23.2,0.0,4.0
417,22.0,0.0,8.6
418,21.7,0.0,3.4
419,9.5,0.0,14.2
388,29.7,0.0,17.5
389,23.3,0.0,20.9
390,11.3,0.0,12.5
391,20.2,0.0,7.4
392,24.0,0.3,7.8
393,26.9,0.0,7.6
394,18.7,0.1,10.1
395,15.9,0.0,13.9
396,23.0,0.0,12.4
397,19.8,0.0,13.3
398,25.4,0.0,6.2
399,21.5,0.3,17.4
400,25.2,0.0,7.4
401,22.2,0.0,6.1
402,16.4,0.0,2.0
403,21.7,0.0,10.2
372,23.8,0.6,10.5
373,20.7,0.0,9.5
374,18.7,0.2,9.1
375,24.6,0.0,9.7
376,28.7,0.0,22.8
377,25.8,0.0,19.6
378,22.3,0.0,12.0
379,17.9,0.0,33.0
380,22.0,0.0,14.9
381,24.1,0.0,5.6
382,24.2,0.0,26.7
383,23.7,0.0,3.7
384,21.3,0.0,8.7
385,29.1,0.0,27.4
386,13.3,0.0,32.9
387,16.8,0.3,17.7
356,29.2,0.0,11.3
357,15.2,0.0,10.1
358,18.6,0.0,17.5
359,21.7,0.0,12.4
360,23.2,0.0,5.8
361,19.7,0.1,17.9
362,28.2,0.0,11.5
363,20.0,0.0,11.4
364,26.5,0.0,17.2
365,22.3,0.0,13.2
366,13.8,3.4,22.7
367,21.7,0.0,2.3
368,20.5,0.0,13.6
369,27.0,0.0,24.9
370,17.0,0.5,3.3
371,11.3,0.0,36.1
321,9.8,0.0,15.3
322,26.6,0.0,12.4
323,23.8,0.0,4.7
324,19.0,0.4,10.2
325,17.1,1.6,11.6
326,17.2,0.3,7.1
327,27.1,0.0,6.6
328,24.1,0.0,12.3
329,29.8,0.0,9.2
330,24.9,0.0,3.6
331,21.9,0.0,10.8
332,22.4,0.0,2.1
333,20.7,0.2,19.6
334,28.2,0.0,10.4
335,22.0,0.0,4.8
336,22.6,0.0,17.3
305,11.8,0.0,6.2
306,23.2,2.5,13.2
307,17.2,0.0,5.4
308,16.9,0.0,7.6
309,23.1,0.0,16.1
310,21.0,0.0,6.5
311,23.6,0.0,4.6
312,18.7,0.0,18.1
313,25.2,0.0,15.0
314,26.0,0.0,13.8
315,19.9,0.0,8.9
316,21.5,0.0,19.1
317,22.8,0.0,17.0
318,18.9,0.1,17.9
319,18.8,0.0,17.3
320,13.6,0.3,25.9
289,29.6,0.0,25.3
290,24.5,0.0,8.9
291,27.1,0.0,7.0
292,15.5,0.0,23.6
293,29.2,0.0,2.9
294,22.6,0.0,10.9
295,20.3,0.0,6.2
296,17.9,0.4,9.3
297,17.8,0.0,24.4
298,26.1,0.0,6.9
299,24.0,0.0,10.7
300,16.5,0.0,31.5
301,24.8,0.0,1.6
302,17.9,0.0,11.7
303,17.3,0.0,26.7
304,12.5,0.0,35.4
273,25.3,0.1,7.2
274,24.1,1.5,4.8
275,10.5,0.2,19.9
276,17.6,0.0,5.1
277,20.0,0.0,8.4
278,19.3,0.0,8.2
279,27.5,0.0,12.0
280,26.5,0.0,6.1
281,14.4,0.0,12.4
282,20.1,0.0,23.3
283,31.7,0.0,16.8
284,15.5,0.0,6.5
285,21.0,0.0,0.8
286,18.1,0.0,29.6
287,16.0,0.0,30.3
288,17.2,0.0,16.9
257,19.9,0.0,16.6
258,9.6,0.0,8.7
259,25.0,0.0,7.1
260,18.3,0.0,9.4
261,23.9,0.0,15.8
262,23.4,0.2,17.4
263,29.7,0.0,3.3
264,21.2,0.0,19.8
265,29.8,0.0,10.7
266,21.8,0.0,19.2
267,15.7,0.0,23.0
268,22.0,0.0,5.2
269,17.6,0.0,12.4
270,24.5,0.0,13.6
271,17.7,2.0,2.6
272,11.5,0.0,17.3
240,20.7,0.3,17.1
241,17.1,5.6,20.2
242,17.2,0.8,9.7
243,16.4,0.0,10.0
244,21.1,0.0,6.6
245,21.0,0.1,17.3
246,25.9,0.0,6.0
247,20.1,0.0,13.5
248,27.8,0.0,13.9
249,26.4,0.0,5.8
250,15.7,0.0,16.7
251,19.3,0.0,6.4
252,20.1,0.0,28.2
253,8.4,0.1,15.6
254,13.8,0.0,9.8
255,16.1,0.6,11.3
256,19.4,0.0,27.1
224,24.3,0.0,9.6
225,28.5,0.1,5.8
226,15.5,0.0,3.8
227,13.9,0.2,13.3
228,20.5,0.0,11.2
229,16.0,1.2,6.0
230,15.3,1.0,10.6
231,21.2,0.0,3.4
232,18.5,0.0,9.5
233,20.4,0.1,7.3
234,25.9,0.0,2.9
235,24.9,0.0,20.8
236,16.2,0.1,18.3
237,19.8,0.0,3.7
238,18.2,0.0,20.1
239,22.2,0.0,4.1
207,18.3,0.0,21.0
208,21.6,0.1,10.6
209,24.0,0.0,14.2
210,13.9,0.7,14.9
211,18.6,0.0,17.0
212,22.4,0.3,30.4
213,21.9,0.0,18.2
214,21.6,0.0,11.9
215,20.4,0.0,17.8
216,22.6,0.2,16.6
217,25.7,0.0,15.5
218,27.1,0.0,15.2
219,26.1,0.0,2.4
220,15.2,0.0,6.4
221,17.9,0.0,3.7
222,18.5,0.0,25.0
223,23.0,0.3,11.6
191,21.0,0.0,20.5
192,24.4,4.4,8.5
193,19.2,0.0,23.9
194,25.7,0.0,6.6
195,21.3,0.0,10.6
196,18.8,0.1,9.8
197,12.6,0.0,12.0
198,19.8,0.0,12.7
199,15.9,0.0,36.1
200,22.8,0.2,5.5
201,21.4,0.0,8.7
202,27.2,0.0,6.8
203,12.6,0.1,14.3
204,17.6,0.0,4.7
205,14.9,0.0,16.6
206,20.7,0.0,13.0
175,19.1,0.0,17.4
176,22.8,0.0,10.6
177,24.7,0.0,10.2
178,19.4,0.1,7.8
179,25.5,0.0,14.4
180,29.9,0.0,12.8
181,22.0,0.2,14.0
182,22.5,0.0,20.3
183,19.2,0.0,4.8
184,26.6,0.0,10.9
185,22.8,0.0,15.8
186,19.4,0.0,10.4
187,25.6,0.0,0.7
188,14.9,0.1,20.7
189,28.2,0.0,5.8
190,19.1,0.0,5.5
158,28.1,0.0,10.8
159,25.2,0.2,9.3
160,17.6,0.0,7.4
161,13.0,0.1,9.4
162,21.2,0.0,13.5
163,10.0,0.4,15.9
164,24.6,0.0,8.9
165,14.4,0.5,4.6
166,27.4,0.0,10.0
167,15.2,0.0,11.3
168,20.0,0.1,9.9
169,30.4,0.0,6.4
170,15.4,0.5,10.8
171,24.1,0.0,2.4
172,14.1,1.9,17.7
173,20.5,0.0,17.6
174,28.8,0.1,15.2
141,23.4,0.0,20.2
142,28.1,0.4,15.5
143,26.8,0.2,4.8
144,13.7,0.0,13.8
145,17.6,0.0,21.3
146,18.8,0.0,8.4
147,24.4,0.0,7.3
148,23.6,0.0,12.7
149,20.7,0.0,5.5
150,22.1,0.0,11.0
151,15.2,0.0,11.2
152,27.3,0.0,8.7
153,29.6,0.0,8.4
154,15.5,0.0,19.7
155,18.8,0.0,6.8
156,12.7,0.0,7.1
157,22.7,0.0,11.8
124,18.5,0.0,20.3
125,30.1,0.0,12.1
126,28.6,0.0,12.4
127,17.8,0.0,3.1
128,18.7,0.0,18.3
129,16.0,0.5,5.6
130,19.7,0.0,9.0
131,21.7,0.0,26.0
132,18.0,0.0,8.1
133,15.7,0.0,15.7
134,22.9,0.0,7.5
135,26.8,0.0,11.2
136,27.0,0.0,11.8
137,15.2,0.0,16.9
138,22.9,0.0,6.5
139,17.8,0.0,8.9
140,24.8,0.0,15.0
108,17.0,0.2,23.9
109,31.1,0.0,6.3
110,20.9,0.6,6.2
111,17.8,0.0,15.0
112,22.0,0.0,15.9
113,17.3,0.0,0.5
114,21.9,0.2,4.9
115,19.2,0.0,18.6
116,21.6,0.0,0.7
117,21.4,0.0,3.1
118,21.3,0.0,19.7
119,34.0,0.0,0.5
120,27.5,0.0,19.4
121,22.0,0.0,2.7
122,10.6,0.0,12.6
123,23.0,0.0,7.8
90,17.7,0.0,18.6
91,28.7,0.0,12.6
92,26.9,0.0,37.0
93,16.1,0.0,12.5
94,16.5,0.0,11.3
95,17.1,0.9,5.9
96,18.9,0.0,12.3
97,24.3,0.0,14.8
98,16.5,0.0,4.2
99,23.7,0.0,10.0
100,16.0,0.1,15.6
101,24.1,0.0,8.4
102,23.0,0.0,6.5
103,17.0,0.0,18.5
104,20.0,0.0,4.1
105,25.9,0.0,16.7
106,25.5,0.2,26.6
107,25.2,0.8,23.4
71,13.4,0.0,8.7
72,26.6,0.0,5.5
73,29.2,0.0,21.1
74,19.2,0.0,15.4
75,19.9,0.0,13.4
76,20.7,0.0,7.2
77,21.3,0.0,8.7
78,25.2,0.0,10.7
79,19.5,0.0,9.6
80,28.4,0.0,7.9
81,24.8,0.0,13.3
82,22.0,0.0,15.6
83,33.6,0.0,11.2
84,25.3,0.0,10.9
85,23.5,0.0,8.6
86,17.3,0.4,8.1
87,20.6,0.6,16.0
88,19.3,0.0,2.3
89,15.9,0.0,2.3
53,19.8,0.0,24.6
54,25.9,0.0,7.0
55,12.8,0.0,5.4
56,23.3,0.0,6.4
57,17.1,0.0,18.2
58,22.9,0.0,16.3
59,22.4,0.0,9.0
60,23.4,0.0,11.7
61,19.6,0.0,2.5
62,26.2,0.0,17.5
63,32.8,0.0,6.5
64,30.5,0.0,7.3
65,18.4,0.0,12.4
66,31.3,0.0,9.7
67,24.6,0.0,4.7
68,20.8,0.0,7.3
69,16.3,0.0,15.6
70,20.4,0.0,1.9
36,20.5,0.0,10.2
37,28.5,1.7,7.6
38,24.8,0.0,26.7
39,24.7,0.0,20.4
40,20.3,0.0,9.0
41,23.4,0.0,6.1
42,33.1,0.0,9.0
43,21.1,0.0,7.6
44,16.8,0.0,11.2
45,17.0,0.0,20.8
46,24.4,0.0,16.1
47,33.0,0.0,18.7
48,24.1,0.0,8.5
49,18.4,0.0,17.3
50,14.7,0.6,7.2
51,25.4,2.5,20.7
52,32.2,0.0,14.3
18,37.1,0.0,17.9
19,28.4,0.9,6.9
20,24.7,0.0,20.8
21,20.0,0.0,12.6
22,15.8,0.0,12.4
23,19.5,0.7,7.9
24,28.6,0.0,19.8
25,26.2,0.0,7.9
26,13.5,1.0,22.0
27,22.1,0.0,14.4
28,26.6,0.0,11.8
29,30.4,0.0,13.5
30,13.5,0.0,26.1
31,15.9,0.6,4.7
32,28.3,0.0,6.1
33,17.5,0.0,6.6
34,25.4,0.6,6.8
35,25.0,0.2,15.0
1,23.0,0.0,16.6
2,26.4,4.2,1.3
3,19.2,0.9,30.4
4,30.1,0.0,17.9
5,21.3,0.0,9.7
6,26.3,0.0,6.7
7,28.9,0.0,8.4
8,15.7,0.0,12.2
9,16.4,0.0,18.6
10,23.5,0.0,19.0
11,32.7,0.0,11.3
12,16.9,0.0,15.7
13,25.3,0.0,2.3
14,28.4,0.0,6.2
15,24.9,0.0,7.3
16,23.8,1.0,6.7
17,35.0,0.0,10.5
337,27.1,0.0,9.4
338,23.3,0.0,9.5
339,29.7,0.0,11.9
340,20.4,0.0,19.7
341,17.6,0.0,18.2
342,19.1,0.0,10.3
343,26.5,0.0,5.4
344,23.1,0.0,11.2
345,29.1,0.0,11.3
346,21.8,0.0,15.5
347,20.3,0.0,8.4
348,27.0,0.0,10.4
349,14.3,0.2,26.3
350,22.2,0.0,4.2
351,27.3,0.1,2.9
352,23.8,0.0,24.7
353,17.9,0.5,11.7
354,23.3,0.0,9.8
355,29.2,0.0,19.9
841,18.5,0.0,10.0
842,27.5,2.4,3.6
843,22.3,0.0,8.3
844,15.4,0.0,10.5
845,25.4,0.0,11.9
846,22.2,0.0,7.7
847,16.8,1.4,15.8
848,31.4,0.0,16.5
849,18.6,0.0,3.6
850,12.5,0.2,18.4
851,17.0,0.0,20.8
852,14.1,0.0,21.9
853,25.2,0.0,6.5
854,27.6,0.0,6.2
855,22.3,0.0,5.7
856,19.0,0.0,26.3
857,29.6,0.0,7.6
858,26.9,0.0,12.3
859,21.9,2.0,13.0
860,21.4,0.0,15.5
861,28.2,0.3,9.1
862,19.8,0.0,6.6
863,24.7,0.0,12.2
864,21.9,0.0,12.2
865,20.2,0.0,8.7
866,25.0,0.0,5.1
867,30.7,0.0,17.7
868,16.2,0.2,11.3
869,19.2,0.0,10.0
870,31.5,0.0,9.6
871,18.3,0.0,6.2
872,26.6,0.0,5.2
873,27.0,0.0,4.6
874,23.8,0.0,16.6
875,21.7,0.0,15.6
876,28.0,0.0,8.2
877,31.1,0.0,20.2
878,21.1,0.0,13.8
879,20.9,0.9,14.6
880,15.7,0.0,22.6
881,28.5,0.3,8.3
882,25.6,0.0,15.8
883,26.6,0.0,37.8
884,17.1,0.0,9.5
885,16.3,0.0,10.7
886,21.8,0.2,17.6
887,20.4,0.0,22.5
888,22.1,0.0,14.4
890,34.1,0.0,16.6
891,16.8,0.1,5.4
892,23.6,0.2,12.2
893,28.3,0.0,8.2
894,24.7,0.0,19.5
895,23.7,0.0,21.3
896,29.4,0.0,8.4
897,33.6,0.0,15.9
898,27.9,0.0,6.1
899,20.3,1.7,12.5
900,19.6,0.0,18.7
901,29.8,0.3,12.6
902,22.9,0.0,21.3
903,17.7,0.0,13.5
904,21.3,0.0,12.7
905,19.2,0.0,3.6
906,26.7,0.0,10.3
907,22.6,0.0,5.1
908,17.3,0.0,13.8
909,26.8,0.0,16.3
910,27.0,0.8,11.6
911,14.5,0.1,15.0
912,24.0,0.0,5.4
913,27.6,0.0,6.5
914,21.2,0.0,5.9
915,26.0,0.0,5.0
916,23.1,0.0,20.1
917,22.8,0.2,12.9
918,28.2,0.0,17.3
926,18.7,0.0,18.4
927,30.5,0.0,3.8
928,19.0,0.0,11.3
929,24.9,0.0,26.2
930,25.2,0.0,14.4
931,18.0,0.0,6.6
932,20.6,0.0,15.6
933,16.3,0.0,2.6
934,19.5,0.0,13.6
936,25.1,0.0,16.1
937,24.1,0.0,22.9
938,21.6,0.0,4.2
939,27.9,0.0,5.4
940,26.2,0.0,8.9
941,18.8,0.0,7.0
942,16.1,0.2,27.8
943,20.2,0.2,3.8
944,24.1,0.0,8.7
945,27.1,0.0,20.0
948,21.2,0.0,8.8
949,21.6,0.0,13.3
950,20.9,0.0,9.5
951,18.6,0.2,6.4
952,19.1,0.0,13.1
953,18.2,0.7,9.0
954,12.2,0.0,26.8
955,27.9,0.0,23.7
956,14.0,0.0,4.0
957,18.7,0.0,24.0
958,27.4,0.0,8.0
959,22.6,0.0,11.6
960,24.7,0.0,20.3
961,27.4,0.0,4.3
962,28.3,0.0,5.1
963,31.3,0.0,14.2
964,20.7,0.0,27.9
965,25.7,0.0,14.8
966,19.3,0.0,10.0
967,18.0,0.7,12.7
968,28.8,0.0,20.2
969,23.7,0.0,10.2
970,12.6,0.0,17.4
971,24.9,0.0,30.0
972,21.5,0.0,7.4
973,22.3,0.0,13.7
974,26.3,0.0,9.8
975,26.3,0.3,29.4
976,27.5,0.0,3.4
977,27.8,0.0,1.8
978,21.6,0.2,18.5
979,28.6,0.0,12.4
980,21.9,0.0,6.2
981,22.8,0.0,5.5
982,27.2,0.6,15.1
983,27.4,0.0,5.4
984,24.1,0.0,3.8
985,24.9,0.0,23.8
986,21.7,0.0,9.7
987,25.9,0.0,13.9
988,24.5,0.0,17.8
989,23.5,0.0,28.3
990,27.4,0.0,15.3
991,18.3,0.0,14.6
992,16.0,0.0,41.8
993,15.2,2.6,17.3
994,25.3,0.3,16.5
995,19.1,0.0,5.8
996,22.4,0.0,6.6
997,18.6,0.0,8.7
998,27.1,0.0,12.8
999,23.8,1.3,13.2
1000,32.8,0.0,10.7
1001,17.0,0.0,16.5
1002,19.7,0.1,3.3
1003,28.1,0.0,18.1
1004,22.7,0.0,12.3
1005,26.1,0.0,17.8
1006,20.1,0.0,17.9
1007,20.1,0.2,7.4
1008,23.4,0.3,16.8
1009,32.4,0.0,17.2
1010,24.4,0.0,13.8
1011,26.0,0.0,33.9
1012,18.7,0.0,19.8
1013,17.7,0.0,20.6
1014,18.9,0.0,22.3
1015,19.9,0.4,4.8
1016,26.1,0.0,14.1
1017,28.1,0.0,11.8
1018,33.8,0.0,8.6
1019,18.0,0.2,11.8
1020,23.9,0.1,8.0
1021,22.2,0.0,2.9
1022,16.6,0.0,14.4
1023,19.2,0.1,5.4
1024,28.1,0.0,23.9
1025,20.0,0.1,10.1
1026,21.5,0.0,27.5
1027,20.8,0.4,2.4
1028,19.3,0.0,16.2
1029,19.1,0.0,26.3
1030,25.8,0.0,18.7
1031,26.1,0.0,3.4
1032,19.6,0.0,10.0
1033,17.8,1.8,12.7
1034,20.2,0.0,17.9
1035,25.0,0.0,11.6
1036,27.7,0.3,13.9
1037,16.9,0.2,12.4
1038,26.0,0.0,5.0
1039,29.8,0.0,14.3
1040,28.8,0.0,8.6
1041,8.5,0.0,13.6
1042,20.2,0.4,27.1
1043,18.2,0.0,5.6
1044,13.2,0.1,8.8
1045,26.1,0.0,7.9
1046,20.4,0.0,27.5
1047,23.0,0.0,17.2
1052,20.3,0.0,35.6
1053,12.6,0.0,8.2
1054,19.5,0.0,11.6
1055,21.5,0.0,10.1
1056,20.9,0.0,9.8
1057,23.6,0.0,20.8
1059,27.7,0.1,25.0
1058,26.9,0.0,5.4
1060,19.8,0.0,7.7
1061,27.8,0.0,5.8
1062,26.9,0.6,12.9
1063,12.8,0.5,22.9
1064,20.7,0.0,10.0
1065,28.6,0.0,4.8
1066,17.9,0.1,17.1
1067,17.0,0.0,22.9
1069,28.9,0.0,16.1
1070,21.2,0.0,3.6
1071,22.1,0.0,14.7
1051,26.1,0.0,16.7
1072,27.8,0.0,8.6
1073,24.8,0.0,17.4
1074,21.3,0.0,17.5
1075,25.6,0.0,20.1
1076,26.3,0.0,18.8
1077,14.0,1.0,5.5
1078,33.1,0.0,9.7
1079,35.0,0.0,18.9
1080,23.4,0.1,15.0
1081,26.9,0.0,20.2
1082,19.8,0.0,22.1
1083,17.4,0.2,16.6
1084,20.4,0.0,17.3
1085,32.2,0.0,12.3
1086,19.4,0.1,27.7
1087,20.4,0.0,12.5
1088,24.6,0.0,5.1
1089,25.5,0.0,5.2
1091,25.5,0.1,6.6
1092,19.1,1.0,11.3
1093,29.8,0.0,33.4
1094,23.4,0.1,10.4
1095,22.0,0.0,24.2
1096,28.4,0.0,26.1
1098,27.9,0.0,9.8
1099,25.1,0.0,18.2
1100,17.0,0.0,15.7
1101,26.7,0.0,9.9
1102,26.8,0.1,24.6
1104,24.4,0.1,6.4
1105,22.8,0.1,7.6
1106,18.9,0.0,15.4
1107,23.9,0.0,7.0
1108,21.0,0.0,16.6
1109,28.3,0.0,15.6
1110,17.7,0.2,29.2
1111,16.3,1.1,19.5
1112,27.9,0.0,9.8
1113,27.7,0.1,2.5
1114,26.5,0.0,9.3
1115,32.0,0.0,3.9
1116,30.0,0.0,14.4
1117,24.3,0.0,7.6
1118,20.4,0.1,20.1
1119,13.5,0.0,18.0
1120,27.3,0.0,15.6
1121,18.3,0.0,11.5
1122,24.0,0.0,17.6
1123,21.3,0.0,13.2
1124,21.1,0.0,7.6
1125,20.0,0.0,8.0
1126,28.0,0.1,20.5
1127,23.6,0.1,3.5
1128,20.5,0.0,8.3
1129,16.1,2.2,17.9
1130,22.4,0.3,15.6
1131,29.0,0.0,13.8
1132,15.9,0.1,17.8
1133,27.2,0.0,10.2
1134,19.4,0.0,8.1
1135,18.1,0.0,26.3
1136,28.5,0.0,5.9
1137,26.6,0.0,23.0
1138,29.2,0.0,14.0
1139,28.6,0.0,12.5
1140,20.1,0.1,12.6
1141,20.6,2.5,15.2
1142,10.7,0.0,1.1
1143,19.0,0.0,19.5
1144,26.3,0.0,16.3
